entity_id,increment_id,state,status,coupon_code,protect_code,shipping_description,is_virtual,store_id,customer_id,base_discount_amount,base_discount_canceled,base_discount_invoiced,base_discount_refunded,base_grand_total,base_shipping_amount,base_shipping_canceled,base_shipping_invoiced,base_shipping_refunded,base_shipping_tax_amount,base_shipping_tax_refunded,base_subtotal,base_subtotal_canceled,base_subtotal_invoiced,base_subtotal_refunded,base_tax_amount,base_tax_canceled,base_tax_invoiced,base_tax_refunded,base_to_global_rate,base_to_order_rate,base_total_canceled,base_total_invoiced,base_total_invoiced_cost,base_total_offline_refunded,base_total_online_refunded,base_total_paid,base_total_qty_ordered,base_total_refunded,discount_amount,discount_canceled,discount_invoiced,discount_refunded,grand_total,shipping_amount,shipping_canceled,shipping_invoiced,shipping_refunded,shipping_tax_amount,shipping_tax_refunded,store_to_base_rate,store_to_order_rate,subtotal,subtotal_canceled,subtotal_invoiced,subtotal_refunded,tax_amount,tax_canceled,tax_invoiced,tax_refunded,total_canceled,total_invoiced,total_offline_refunded,total_online_refunded,total_paid,total_qty_ordered,total_refunded,can_ship_partially,can_ship_partially_item,customer_is_guest,customer_note_notify,billing_address_id,customer_group_id,edit_increment,email_sent,send_email,forced_shipment_with_invoice,payment_auth_expiration,quote_address_id,quote_id,shipping_address_id,adjustment_negative,adjustment_positive,base_adjustment_negative,base_adjustment_positive,base_shipping_discount_amount,base_subtotal_incl_tax,base_total_due,payment_authorization_amount,shipping_discount_amount,subtotal_incl_tax,total_due,weight,customer_dob,applied_rule_ids,base_currency_code,customer_email,customer_firstname,customer_lastname,customer_middlename,customer_prefix,customer_suffix,customer_taxvat,discount_description,ext_customer_id,ext_order_id,global_currency_code,hold_before_state,hold_before_status,order_currency_code,original_increment_id,relation_child_id,relation_child_real_id,relation_parent_id,relation_parent_real_id,remote_ip,shipping_method,store_currency_code,x_forwarded_for,customer_note,created_at,updated_at,total_item_count,customer_gender,discount_tax_compensation_amount,base_discount_tax_compensation_amount,shipping_discount_tax_compensation_amount,base_shipping_discount_tax_compensation_amnt,discount_tax_compensation_invoiced,base_discount_tax_compensation_invoiced,discount_tax_compensation_refunded,base_discount_tax_compensation_refunded,shipping_incl_tax,base_shipping_incl_tax,coupon_rule_name,paypal_ipn_customer_notified,gift_message_id,status_label,item:item_id,item:order_id,item:parent_item_id,item:quote_item_id,item:store_id,item:created_at,item:updated_at,item:product_id,item:product_type,item:product_options,item:weight,item:is_virtual,item:sku,item:name,item:description,item:applied_rule_ids,item:additional_data,item:is_qty_decimal,item:no_discount,item:qty_backordered,item:qty_canceled,item:qty_invoiced,item:qty_ordered,item:qty_refunded,item:qty_shipped,item:base_cost,item:price,item:base_price,item:original_price,item:base_original_price,item:tax_percent,item:tax_amount,item:base_tax_amount,item:tax_invoiced,item:base_tax_invoiced,item:discount_percent,item:discount_amount,item:base_discount_amount,item:discount_invoiced,item:base_discount_invoiced,item:amount_refunded,item:base_amount_refunded,item:row_total,item:base_row_total,item:row_invoiced,item:base_row_invoiced,item:row_weight,item:base_tax_before_discount,item:tax_before_discount,item:ext_order_item_id,item:locked_do_invoice,item:locked_do_ship,item:price_incl_tax,item:base_price_incl_tax,item:row_total_incl_tax,item:base_row_total_incl_tax,item:discount_tax_compensation_amount,item:base_discount_tax_compensation_amount,item:discount_tax_compensation_invoiced,item:base_discount_tax_compensation_invoiced,item:discount_tax_compensation_refunded,item:base_discount_tax_compensation_refunded,item:tax_canceled,item:discount_tax_compensation_canceled,item:tax_refunded,item:base_tax_refunded,item:discount_refunded,item:base_discount_refunded,item:free_shipping,item:gift_message_id,item:gift_message_available,item:weee_tax_applied,item:weee_tax_applied_amount,item:weee_tax_applied_row_amount,item:weee_tax_disposition,item:weee_tax_row_disposition,item:base_weee_tax_applied_amount,item:base_weee_tax_applied_row_amnt,item:base_weee_tax_disposition,item:base_weee_tax_row_disposition,address:entity_id,address:parent_id,address:customer_address_id,address:quote_address_id,address:region_id,address:customer_id,address:fax,address:region,address:postcode,address:lastname,address:street,address:city,address:email,address:telephone,address:country_id,address:firstname,address:address_type,address:prefix,address:middlename,address:suffix,address:company,address:vat_id,address:vat_is_valid,address:vat_request_id,address:vat_request_date,address:vat_request_success,payment:entity_id,payment:parent_id,payment:base_shipping_captured,payment:shipping_captured,payment:amount_refunded,payment:base_amount_paid,payment:amount_canceled,payment:base_amount_authorized,payment:base_amount_paid_online,payment:base_amount_refunded_online,payment:base_shipping_amount,payment:shipping_amount,payment:amount_paid,payment:amount_authorized,payment:base_amount_ordered,payment:base_shipping_refunded,payment:shipping_refunded,payment:base_amount_refunded,payment:amount_ordered,payment:base_amount_canceled,payment:quote_payment_id,payment:additional_data,payment:cc_exp_month,payment:cc_ss_start_year,payment:echeck_bank_name,payment:method,payment:cc_debug_request_body,payment:cc_secure_verify,payment:protection_eligibility,payment:cc_approval,payment:cc_last_4,payment:cc_status_description,payment:echeck_type,payment:cc_debug_response_serialized,payment:cc_ss_start_month,payment:echeck_account_type,payment:last_trans_id,payment:cc_cid_status,payment:cc_owner,payment:cc_type,payment:po_number,payment:cc_exp_year,payment:cc_status,payment:echeck_routing_number,payment:account_status,payment:anet_trans_method,payment:cc_debug_response_body,payment:cc_ss_issue,payment:echeck_account_name,payment:cc_avs_status,payment:cc_number_enc,payment:cc_trans_id,payment:address_status,payment:additional_information,transaction:transaction_id,transaction:parent_id,transaction:order_id,transaction:payment_id,transaction:txn_id,transaction:parent_txn_id,transaction:txn_type,transaction:is_closed,transaction:additional_information,transaction:created_at,shipment:entity_id,shipment:store_id,shipment:total_weight,shipment:total_qty,shipment:email_sent,shipment:send_email,shipment:order_id,shipment:customer_id,shipment:shipping_address_id,shipment:billing_address_id,shipment:shipment_status,shipment:increment_id,shipment:created_at,shipment:updated_at,shipment:packages,shipment:shipping_label,shipment:customer_note,shipment:customer_note_notify,shipment_item:entity_id,shipment_item:parent_id,shipment_item:row_total,shipment_item:price,shipment_item:weight,shipment_item:qty,shipment_item:product_id,shipment_item:order_item_id,shipment_item:additional_data,shipment_item:description,shipment_item:name,shipment_item:sku,shipment_comment:entity_id,shipment_comment:parent_id,shipment_comment:is_customer_notified,shipment_comment:is_visible_on_front,shipment_comment:comment,shipment_comment:created_at,shipment_track:entity_id,shipment_track:parent_id,shipment_track:weight,shipment_track:qty,shipment_track:order_id,shipment_track:track_number,shipment_track:description,shipment_track:title,shipment_track:carrier_code,shipment_track:created_at,shipment_track:updated_at,invoice:entity_id,invoice:store_id,invoice:base_grand_total,invoice:shipping_tax_amount,invoice:tax_amount,invoice:base_tax_amount,invoice:store_to_order_rate,invoice:base_shipping_tax_amount,invoice:base_discount_amount,invoice:base_to_order_rate,invoice:grand_total,invoice:shipping_amount,invoice:subtotal_incl_tax,invoice:base_subtotal_incl_tax,invoice:store_to_base_rate,invoice:base_shipping_amount,invoice:total_qty,invoice:base_to_global_rate,invoice:subtotal,invoice:base_subtotal,invoice:discount_amount,invoice:billing_address_id,invoice:is_used_for_refund,invoice:order_id,invoice:email_sent,invoice:send_email,invoice:can_void_flag,invoice:state,invoice:shipping_address_id,invoice:store_currency_code,invoice:transaction_id,invoice:order_currency_code,invoice:base_currency_code,invoice:global_currency_code,invoice:increment_id,invoice:created_at,invoice:updated_at,invoice:discount_tax_compensation_amount,invoice:base_discount_tax_compensation_amount,invoice:shipping_discount_tax_compensation_amount,invoice:base_shipping_discount_tax_compensation_amnt,invoice:shipping_incl_tax,invoice:base_shipping_incl_tax,invoice:base_total_refunded,invoice:discount_description,invoice:customer_note,invoice:customer_note_notify,invoice_item:entity_id,invoice_item:parent_id,invoice_item:base_price,invoice_item:tax_amount,invoice_item:base_row_total,invoice_item:discount_amount,invoice_item:row_total,invoice_item:base_discount_amount,invoice_item:price_incl_tax,invoice_item:base_tax_amount,invoice_item:base_price_incl_tax,invoice_item:qty,invoice_item:base_cost,invoice_item:price,invoice_item:base_row_total_incl_tax,invoice_item:row_total_incl_tax,invoice_item:product_id,invoice_item:order_item_id,invoice_item:additional_data,invoice_item:description,invoice_item:sku,invoice_item:name,invoice_item:discount_tax_compensation_amount,invoice_item:base_discount_tax_compensation_amount,invoice_item:tax_ratio,invoice_item:weee_tax_applied,invoice_item:weee_tax_applied_amount,invoice_item:weee_tax_applied_row_amount,invoice_item:weee_tax_disposition,invoice_item:weee_tax_row_disposition,invoice_item:base_weee_tax_applied_amount,invoice_item:base_weee_tax_applied_row_amnt,invoice_item:base_weee_tax_disposition,invoice_item:base_weee_tax_row_disposition,invoice_comment:entity_id,invoice_comment:parent_id,invoice_comment:is_customer_notified,invoice_comment:is_visible_on_front,invoice_comment:comment,invoice_comment:created_at,creditmemo:entity_id,creditmemo:store_id,creditmemo:adjustment_positive,creditmemo:base_shipping_tax_amount,creditmemo:store_to_order_rate,creditmemo:base_discount_amount,creditmemo:base_to_order_rate,creditmemo:grand_total,creditmemo:base_adjustment_negative,creditmemo:base_subtotal_incl_tax,creditmemo:shipping_amount,creditmemo:subtotal_incl_tax,creditmemo:adjustment_negative,creditmemo:base_shipping_amount,creditmemo:store_to_base_rate,creditmemo:base_to_global_rate,creditmemo:base_adjustment,creditmemo:base_subtotal,creditmemo:discount_amount,creditmemo:subtotal,creditmemo:adjustment,creditmemo:base_grand_total,creditmemo:base_adjustment_positive,creditmemo:base_tax_amount,creditmemo:shipping_tax_amount,creditmemo:tax_amount,creditmemo:order_id,creditmemo:email_sent,creditmemo:send_email,creditmemo:creditmemo_status,creditmemo:state,creditmemo:shipping_address_id,creditmemo:billing_address_id,creditmemo:invoice_id,creditmemo:store_currency_code,creditmemo:order_currency_code,creditmemo:base_currency_code,creditmemo:global_currency_code,creditmemo:transaction_id,creditmemo:increment_id,creditmemo:created_at,creditmemo:updated_at,creditmemo:discount_tax_compensation_amount,creditmemo:base_discount_tax_compensation_amount,creditmemo:shipping_discount_tax_compensation_amount,creditmemo:base_shipping_discount_tax_compensation_amnt,creditmemo:shipping_incl_tax,creditmemo:base_shipping_incl_tax,creditmemo:discount_description,creditmemo:customer_note,creditmemo:customer_note_notify,creditmemo_item:entity_id,creditmemo_item:parent_id,creditmemo_item:base_price,creditmemo_item:tax_amount,creditmemo_item:base_row_total,creditmemo_item:discount_amount,creditmemo_item:row_total,creditmemo_item:base_discount_amount,creditmemo_item:price_incl_tax,creditmemo_item:base_tax_amount,creditmemo_item:base_price_incl_tax,creditmemo_item:qty,creditmemo_item:base_cost,creditmemo_item:price,creditmemo_item:base_row_total_incl_tax,creditmemo_item:row_total_incl_tax,creditmemo_item:product_id,creditmemo_item:order_item_id,creditmemo_item:additional_data,creditmemo_item:description,creditmemo_item:sku,creditmemo_item:name,creditmemo_item:discount_tax_compensation_amount,creditmemo_item:base_discount_tax_compensation_amount,creditmemo_item:tax_ratio,creditmemo_item:weee_tax_applied,creditmemo_item:weee_tax_applied_amount,creditmemo_item:weee_tax_applied_row_amount,creditmemo_item:weee_tax_disposition,creditmemo_item:weee_tax_row_disposition,creditmemo_item:base_weee_tax_applied_amount,creditmemo_item:base_weee_tax_applied_row_amnt,creditmemo_item:base_weee_tax_disposition,creditmemo_item:base_weee_tax_row_disposition,creditmemo_comment:entity_id,creditmemo_comment:parent_id,creditmemo_comment:is_customer_notified,creditmemo_comment:is_visible_on_front,creditmemo_comment:comment,creditmemo_comment:created_at,status_history:entity_id,status_history:parent_id,status_history:is_customer_notified,status_history:is_visible_on_front,status_history:comment,status_history:status,status_history:created_at,status_history:entity_name,tax:tax_id,tax:order_id,tax:code,tax:title,tax:percent,tax:amount,tax:priority,tax:position,tax:base_amount,tax:process,tax:base_real_amount,tax_item:tax_item_id,tax_item:tax_id,tax_item:item_id,tax_item:tax_percent,tax_item:amount,tax_item:base_amount,tax_item:real_amount,tax_item:real_base_amount,tax_item:associated_item_id,tax_item:taxable_item_type
26,1222222222,complete,shipped_complete_store_1,,f9d9f1,United States Postal Service - Priority Mail,0,1,,-2.2,0,-2.2,0,26.07,7.31,0,7.31,0,0,0,20.96,0,20.96,0,0,0,0,0,1,1,0,26.07,18,0,0,26.07,0,0,-2.2,0,-2.2,0,26.07,7.31,0,7.31,0,0,0,0,0,20.96,0,20.96,0,0,0,0,0,0,26.07,0,0,26.07,4,0,0,0,1,1,8,0,0,1,1,0,0,0,9782,7,0,0,0,0,0,20.96,0,0,0,20.96,0,4,0000-00-00 00:00:00,25,USD,john@doe.com,,,,,,,,,,USD,,,USD,,,,,,127.0.0.1,stamps_US_PM,USD,,,2018-03-27 18:13:15,2018-09-12 18:43:45,4,0,0,0,0,0,0,0,0,0,7.31,7.31,,0,0,Shipped Complete - Store 32,28,26,,49780,1,2018-03-27 18:13:15,2018-09-12 18:43:45,,configurable,"{""info_buyRequest"":{""uenc"":""aHR0cHM6Ly93d3cua2lkY2l0eXN0b3Jlcy5jb20vdS1zLXBvbG8tYXNzbi1pbmZhbnQtZ2lybHMtMy1waWVjZS1mbG9yYWwtaG9vZGllLXNldC1waW5rLmh0bWw,"",""product"":""70736"",""selected_configurable_option"":"""",""related_product"":"""",""super_attribute"":{""135"":""48""},""qty"":""1""},""attributes_info"":[{""label"":""Size"",""value"":""12M""}],""simple_name"":""U.S. Polo Assn Infant Girls 3 Piece Floral Hoodie Set-Pink-12M"",""simple_sku"":""1000176744-Pink-12M"",""product_calculations"":1,""shipment_type"":0}",1,0,1000176744-Pink-12M,U.S. Polo Assn Infant Girls 3 Piece Floral Hoodie Set-Pink,,,,0,0,0,0,1,1,0,1,3,5.99,5.99,11.99,11.99,0,0,0,0,0,0,0,0,0,0,0,0,5.99,5.99,5.99,5.99,1,0,0,,0,0,5.99,5.99,5.99,5.99,0,0,0,0,0,0,0,0,0,0,0,0,0,0,0,[],0,0,0,0,0,0,0,0,7,26,0,0,41,0,,New Jersey,7307,Doe,81 prospect st,Jersey city,mariuxivv1133@gmail.com,201 5393002,US,John,shipping,,,,,,0,,,0,4,26,7.31,7.31,0,26.07,0,26.07,26.07,0,7.31,7.31,26.07,26.07,26.07,0,0,0,26.07,0,0,,1,,,authnetcim,,,,320655,6656,,,,,,40609675183-capture,M,,MC,,2023,,,,,,,,Y,,,,"{""save"":0,""method_title"":""Credit Card (Authorize.Net CIM)"",""response_code"":1,""response_subcode"":"""",""response_reason_code"":0,""response_reason_text"":"""",""approval_code"":""320655"",""auth_code"":""320655"",""avs_result_code"":""P"",""transaction_id"":""40609675183"",""reference_transaction_id"":"""",""invoice_number"":""000001342"",""description"":"""",""amount"":""26.07"",""method"":""CC"",""transaction_type"":""prior_auth_capture"",""customer_id"":"""",""md5_hash"":""5DA1B3B42381E7F92C9FF41D3FEBB65A"",""card_code_response_code"":"""",""cavv_response_code"":"""",""acc_number"":""XXXX6656"",""card_type"":""MasterCard"",""split_tender_id"":"""",""requested_amount"":"""",""balance_on_card"":"""",""profile_id"":""1537873320"",""payment_id"":""1540990313"",""is_fraud"":false,""is_error"":false}",6,,26,4,40609675183,,authorization,1,eyJyYXdfZGV0YWlsc19pbmZvIjp7InJlc3BvbnNlX2NvZGUiOjEsInJlc3BvbnNlX3N1YmNvZGUiOiIiLCJyZXNwb25zZV9yZWFzb25fY29kZSI6MCwicmVzcG9uc2VfcmVhc29uX3RleHQiOiIiLCJhcHByb3ZhbF9jb2RlIjoiMzIwNjU1IiwiYXV0aF9jb2RlIjoiMzIwNjU1IiwiYXZzX3Jlc3VsdF9jb2RlIjoiWSIsInRyYW5zYWN0aW9uX2lkIjoiNDA2MDk2NzUxODMiLCJyZWZlcmVuY2VfdHJhbnNhY3Rpb25faWQiOiIiLCJpbnZvaWNlX251bWJlciI6IjAwMDAwMTM0MiIsImRlc2NyaXB0aW9uIjoiIiwiYW1vdW50IjoyNi4wNywibWV0aG9kIjoiQ0MiLCJ0cmFuc2FjdGlvbl90eXBlIjoiYXV0aF9vbmx5IiwiY3VzdG9tZXJfaWQiOiIiLCJtZDVfaGFzaCI6IjhCRTMyNTVBMTJCNDNCQjM1MENENTdENUNDOEJFQjQyIiwiY2FyZF9jb2RlX3Jlc3BvbnNlX2NvZGUiOiJNIiwiY2F2dl9yZXNwb25zZV9jb2RlIjoiIiwiYWNjX251bWJlciI6IlhYWFg2NjU2IiwiY2FyZF90eXBlIjoiTWFzdGVyQ2FyZCIsInNwbGl0X3RlbmRlcl9pZCI6IiIsInJlcXVlc3RlZF9hbW91bnQiOiIiLCJiYWxhbmNlX29uX2NhcmQiOiIiLCJwcm9maWxlX2lkIjoiMTUzNzg3MzMyMCIsInBheW1lbnRfaWQiOiIxNTQwOTkwMzEzIiwiaXNfZnJhdWQiOmZhbHNlLCJpc19lcnJvciI6ZmFsc2V9fQ==,2018-03-27 18:13:15,3,1,0,4,1,1,26,0,7,8,0,100000746,2018-03-28 17:38:43,2018-09-12 18:43:45,[],,,0,11,3,0,5.99,1,1,70736,28,,,U.S. Polo Assn Infant Girls 3 Piece Floral Hoodie Set-Pink,1000176744-Pink-12M,,,,,,,3,3,0,0,26,ASDWQ123,,United States Postal Service,stamps,2018-03-28 18:00:35,2018-09-12 18:43:45,3,1,26.07,0,0,0,0,0,-2.2,1,26.07,7.31,20.96,20.96,0,7.31,8,1,20.96,20.96,-2.2,8,0,26,1,1,0,2,7,USD,40609675183-capture,USD,USD,USD,100000728,2018-03-28 17:38:43,2018-09-12 18:43:45,0,0,0,0,7.31,7.31,0,,,0,24,3,5.99,0,5.99,0,5.99,0,5.99,0,5.99,1,3,5.99,5.99,5.99,70736,28,,,1000176744-Pink-12M,U.S. Polo Assn Infant Girls 3 Piece Floral Hoodie Set-Pink,0,0,,[],0,0,0,0,0,0,0,0,,,,,,,,,,,,,,,,,,,,,,,,,,,,,,,,,,,,,,,,,,,,,,,,,,,,,,,,,,,,,,,,,,,,,,,,,,,,,,,,,,,,,,,,,,,,,,,,,,8,26,0,0,"Authorized amount of $26.07 Transaction ID: ""40609675183""",processing,2018-03-27 18:13:15,order,,,,,,,,,,,,,,,,,,,,,
,,,,,,,,,,,,,,,,,,,,,,,,,,,,,,,,,,,,,,,,,,,,,,,,,,,,,,,,,,,,,,,,,,,,,,,,,,,,,,,,,,,,,,,,,,,,,,,,,,,,,,,,,,,,,,,,,,,,,,,,,,,,,,,,,,,,,,,,,,29,26,28,49781,1,2018-03-27 18:13:15,2018-09-12 18:43:45,,simple,"{""info_buyRequest"":{""uenc"":""aHR0cHM6Ly93d3cua2lkY2l0eXN0b3Jlcy5jb20vdS1zLXBvbG8tYXNzbi1pbmZhbnQtZ2lybHMtMy1waWVjZS1mbG9yYWwtaG9vZGllLXNldC1waW5rLmh0bWw,"",""product"":""70736"",""selected_configurable_option"":"""",""related_product"":"""",""super_attribute"":{""135"":""48""},""qty"":""1""}}",1,0,1000176744-Pink-12M,U.S. Polo Assn Infant Girls 3 Piece Floral Hoodie Set-Pink-12M,,,,0,0,0,0,1,1,0,0,3,0,0,0,0,0,0,0,0,0,0,0,0,0,0,0,0,0,0,0,0,0,0,0,,0,0,0,0,0,0,0,0,0,0,0,0,0,0,0,0,0,0,0,0,0,,0,0,0,0,0,0,0,0,8,26,0,0,41,0,,New Jersey,7307,Doe,81 prospect st,Jersey city,mariuxivv1133@gmail.com,201 5393002,US,John,billing,,,,,,0,,,0,,,,,,,,,,,,,,,,,,,,,,,,,,,,,,,,,,,,,,,,,,,,,,,,,,,,,,,7,6,26,4,40609675183-capture,40609675183,capture,0,eyJyYXdfZGV0YWlsc19pbmZvIjp7InJlc3BvbnNlX2NvZGUiOjEsInJlc3BvbnNlX3N1YmNvZGUiOiIiLCJyZXNwb25zZV9yZWFzb25fY29kZSI6MCwicmVzcG9uc2VfcmVhc29uX3RleHQiOiIiLCJhcHByb3ZhbF9jb2RlIjoiMzIwNjU1IiwiYXV0aF9jb2RlIjoiMzIwNjU1IiwiYXZzX3Jlc3VsdF9jb2RlIjoiUCIsInRyYW5zYWN0aW9uX2lkIjoiNDA2MDk2NzUxODMiLCJyZWZlcmVuY2VfdHJhbnNhY3Rpb25faWQiOiIiLCJpbnZvaWNlX251bWJlciI6IjAwMDAwMTM0MiIsImRlc2NyaXB0aW9uIjoiIiwiYW1vdW50IjoiMjYuMDciLCJtZXRob2QiOiJDQyIsInRyYW5zYWN0aW9uX3R5cGUiOiJwcmlvcl9hdXRoX2NhcHR1cmUiLCJjdXN0b21lcl9pZCI6IiIsIm1kNV9oYXNoIjoiNURBMUIzQjQyMzgxRTdGOTJDOUZGNDFEM0ZFQkI2NUEiLCJjYXJkX2NvZGVfcmVzcG9uc2VfY29kZSI6IiIsImNhdnZfcmVzcG9uc2VfY29kZSI6IiIsImFjY19udW1iZXIiOiJYWFhYNjY1NiIsImNhcmRfdHlwZSI6Ik1hc3RlckNhcmQiLCJzcGxpdF90ZW5kZXJfaWQiOiIiLCJyZXF1ZXN0ZWRfYW1vdW50IjoiIiwiYmFsYW5jZV9vbl9jYXJkIjoiIiwicHJvZmlsZV9pZCI6IjE1Mzc4NzMzMjAiLCJwYXltZW50X2lkIjoiMTU0MDk5MDMxMyIsImlzX2ZyYXVkIjpmYWxzZSwiaXNfZXJyb3IiOmZhbHNlfX0=,2018-03-28 17:38:43,,,,,,,,,,,,,,,,,,,12,3,0,3.99,1,1,70737,30,,,U.S. Polo Assn Newborn Girls 3 Piece Pants-Pink-3,1000176748-Pink-6-9M,,,,,,,,,,,,,,,,,,,,,,,,,,,,,,,,,,,,,,,,,,,,,,,,,,,,,,,,,,,,,,,,,25,3,0,0,0,0,0,0,0,0,0,1,3,0,0,0,70534,29,,,1000176744-Pink-12M,U.S. Polo Assn Infant Girls 3 Piece Floral Hoodie Set-Pink-12M,0,0,,,0,0,0,0,0,0,0,0,,,,,,,,,,,,,,,,,,,,,,,,,,,,,,,,,,,,,,,,,,,,,,,,,,,,,,,,,,,,,,,,,,,,,,,,,,,,,,,,,,,,,,,,,,,,,,,,,,9,26,0,0,"Captured amount of $26.07 online Transaction ID: ""40609675183-capture""",processing,2018-03-28 17:38:43,invoice,,,,,,,,,,,,,,,,,,,,,
,,,,,,,,,,,,,,,,,,,,,,,,,,,,,,,,,,,,,,,,,,,,,,,,,,,,,,,,,,,,,,,,,,,,,,,,,,,,,,,,,,,,,,,,,,,,,,,,,,,,,,,,,,,,,,,,,,,,,,,,,,,,,,,,,,,,,,,,,,30,26,,49782,1,2018-03-27 18:13:15,2018-09-12 18:43:45,,configurable,"{""info_buyRequest"":{""uenc"":""aHR0cHM6Ly93d3cua2lkY2l0eXN0b3Jlcy5jb20vdS1zLXBvbG8tYXNzbi1uZXdib3JuLWdpcmxzLTMtcGllY2UtcGFudHMtcGluay0zLmh0bWw,"",""product"":""70737"",""selected_configurable_option"":"""",""related_product"":"""",""super_attribute"":{""135"":""550""},""qty"":""1""},""attributes_info"":[{""label"":""Size"",""value"":""6-9M""}],""simple_name"":""U.S. Polo Assn Newborn Girls 3 Piece Pants-Pink-6-9M"",""simple_sku"":""1000176748-Pink-6-9M"",""product_calculations"":1,""shipment_type"":0}",1,0,1000176748-Pink-6-9M,U.S. Polo Assn Newborn Girls 3 Piece Pants-Pink-3,,,,0,0,0,0,1,1,0,1,2,3.99,3.99,7.99,7.99,0,0,0,0,0,0,0,0,0,0,0,0,3.99,3.99,3.99,3.99,1,0,0,,0,0,3.99,3.99,3.99,3.99,0,0,0,0,0,0,0,0,0,0,0,0,0,0,0,[],0,0,0,0,0,0,0,0,,,,,,,,,,,,,,,,,,,,,,,,,,,,,,,,,,,,,,,,,,,,,,,,,,,,,,,,,,,,,,,,,,,,,,,,,,,,,,,,,,,,,,,,,,,,,,,,,,,,,,,,,,,,,13,3,0,4.99,1,1,68791,32,,,U.S. Polo Assn Girls 4-6x Button Front Leggings Set-Pink,1000170992-Pink-5,,,,,,,,,,,,,,,,,,,,,,,,,,,,,,,,,,,,,,,,,,,,,,,,,,,,,,,,,,,,,,,,,26,3,3.99,0,3.99,0,3.99,0,3.99,0,3.99,1,2,3.99,3.99,3.99,70737,30,,,1000176748-Pink-6-9M,U.S. Polo Assn Newborn Girls 3 Piece Pants-Pink-3,0,0,,[],0,0,0,0,0,0,0,0,,,,,,,,,,,,,,,,,,,,,,,,,,,,,,,,,,,,,,,,,,,,,,,,,,,,,,,,,,,,,,,,,,,,,,,,,,,,,,,,,,,,,,,,,,,,,,,,,,,,,,,,,,,,,,,,,,,,,,,,,,,,,,
,,,,,,,,,,,,,,,,,,,,,,,,,,,,,,,,,,,,,,,,,,,,,,,,,,,,,,,,,,,,,,,,,,,,,,,,,,,,,,,,,,,,,,,,,,,,,,,,,,,,,,,,,,,,,,,,,,,,,,,,,,,,,,,,,,,,,,,,,,31,26,30,49783,1,2018-03-27 18:13:15,2018-09-12 18:43:45,,simple,"{""info_buyRequest"":{""uenc"":""aHR0cHM6Ly93d3cua2lkY2l0eXN0b3Jlcy5jb20vdS1zLXBvbG8tYXNzbi1uZXdib3JuLWdpcmxzLTMtcGllY2UtcGFudHMtcGluay0zLmh0bWw,"",""product"":""70737"",""selected_configurable_option"":"""",""related_product"":"""",""super_attribute"":{""135"":""550""},""qty"":""1""}}",1,0,1000176748-Pink-6-9M,U.S. Polo Assn Newborn Girls 3 Piece Pants-Pink-6-9M,,,,0,0,0,0,1,1,0,0,2,0,0,0,0,0,0,0,0,0,0,0,0,0,0,0,0,0,0,0,0,0,0,0,,0,0,0,0,0,0,0,0,0,0,0,0,0,0,0,0,0,0,0,0,0,,0,0,0,0,0,0,0,0,,,,,,,,,,,,,,,,,,,,,,,,,,,,,,,,,,,,,,,,,,,,,,,,,,,,,,,,,,,,,,,,,,,,,,,,,,,,,,,,,,,,,,,,,,,,,,,,,,,,,,,,,,,,,14,3,0,5.99,1,1,68899,34,,,Limited Too Girls 4-6x Puff Border Print 2 Piece Chambray Legging Set-Grey White,1000174952-Grey White-5,,,,,,,,,,,,,,,,,,,,,,,,,,,,,,,,,,,,,,,,,,,,,,,,,,,,,,,,,,,,,,,,,27,3,0,0,0,0,0,0,0,0,0,1,2,0,0,0,70538,31,,,1000176748-Pink-6-9M,U.S. Polo Assn Newborn Girls 3 Piece Pants-Pink-6-9M,0,0,,,0,0,0,0,0,0,0,0,,,,,,,,,,,,,,,,,,,,,,,,,,,,,,,,,,,,,,,,,,,,,,,,,,,,,,,,,,,,,,,,,,,,,,,,,,,,,,,,,,,,,,,,,,,,,,,,,,,,,,,,,,,,,,,,,,,,,,,,,,,,,,
,,,,,,,,,,,,,,,,,,,,,,,,,,,,,,,,,,,,,,,,,,,,,,,,,,,,,,,,,,,,,,,,,,,,,,,,,,,,,,,,,,,,,,,,,,,,,,,,,,,,,,,,,,,,,,,,,,,,,,,,,,,,,,,,,,,,,,,,,,32,26,,49784,1,2018-03-27 18:13:15,2018-09-12 18:43:45,,configurable,"{""info_buyRequest"":{""uenc"":""aHR0cHM6Ly93d3cua2lkY2l0eXN0b3Jlcy5jb20vZ2lybC9naXJsLTQtNngvdS1zLXBvbG8tYXNzbi1naXJscy00LTZ4LWJ1dHRvbi1mcm9udC1sZWdnaW5ncy1zZXQtcGluay5odG1s"",""product"":""68791"",""selected_configurable_option"":"""",""related_product"":"""",""super_attribute"":{""135"":""164""},""qty"":""1""},""attributes_info"":[{""label"":""Size"",""value"":""5""}],""simple_name"":""U.S. Polo Assn Girls 4-6x Button Front Leggings Set-Pink-5"",""simple_sku"":""1000170992-Pink-5"",""product_calculations"":1,""shipment_type"":0}",1,0,1000170992-Pink-5,U.S. Polo Assn Girls 4-6x Button Front Leggings Set-Pink,,25,,0,0,0,0,1,1,0,1,2,4.99,4.99,9.99,9.99,0,0,0,0,0,20,1,1,1,1,0,0,4.99,4.99,4.99,4.99,1,0,0,,0,0,4.99,4.99,4.99,4.99,0,0,0,0,0,0,0,0,0,0,0,0,0,0,0,[],0,0,0,0,0,0,0,0,,,,,,,,,,,,,,,,,,,,,,,,,,,,,,,,,,,,,,,,,,,,,,,,,,,,,,,,,,,,,,,,,,,,,,,,,,,,,,,,,,,,,,,,,,,,,,,,,,,,,,,,,,,,,,,,,,,,,,,,,,,,,,,,,,,,,,,,,,,,,,,,,,,,,,,,,,,,,,,,,,,,,,,,,,,,,,,,,,,,,,,,,28,3,4.99,0,4.99,1,4.99,1,4.99,0,4.99,1,2,4.99,4.99,4.99,68791,32,,,1000170992-Pink-5,U.S. Polo Assn Girls 4-6x Button Front Leggings Set-Pink,0,0,,[],0,0,0,0,0,0,0,0,,,,,,,,,,,,,,,,,,,,,,,,,,,,,,,,,,,,,,,,,,,,,,,,,,,,,,,,,,,,,,,,,,,,,,,,,,,,,,,,,,,,,,,,,,,,,,,,,,,,,,,,,,,,,,,,,,,,,,,,,,,,,,
,,,,,,,,,,,,,,,,,,,,,,,,,,,,,,,,,,,,,,,,,,,,,,,,,,,,,,,,,,,,,,,,,,,,,,,,,,,,,,,,,,,,,,,,,,,,,,,,,,,,,,,,,,,,,,,,,,,,,,,,,,,,,,,,,,,,,,,,,,33,26,32,49785,1,2018-03-27 18:13:15,2018-09-12 18:43:45,,simple,"{""info_buyRequest"":{""uenc"":""aHR0cHM6Ly93d3cua2lkY2l0eXN0b3Jlcy5jb20vZ2lybC9naXJsLTQtNngvdS1zLXBvbG8tYXNzbi1naXJscy00LTZ4LWJ1dHRvbi1mcm9udC1sZWdnaW5ncy1zZXQtcGluay5odG1s"",""product"":""68791"",""selected_configurable_option"":"""",""related_product"":"""",""super_attribute"":{""135"":""164""},""qty"":""1""}}",1,0,1000170992-Pink-5,U.S. Polo Assn Girls 4-6x Button Front Leggings Set-Pink-5,,,,0,0,0,0,1,1,0,0,2,0,0,0,0,0,0,0,0,0,0,0,0,0,0,0,0,0,0,0,0,0,0,0,,0,0,0,0,0,0,0,0,0,0,0,0,0,0,0,0,0,0,0,0,0,,0,0,0,0,0,0,0,0,,,,,,,,,,,,,,,,,,,,,,,,,,,,,,,,,,,,,,,,,,,,,,,,,,,,,,,,,,,,,,,,,,,,,,,,,,,,,,,,,,,,,,,,,,,,,,,,,,,,,,,,,,,,,,,,,,,,,,,,,,,,,,,,,,,,,,,,,,,,,,,,,,,,,,,,,,,,,,,,,,,,,,,,,,,,,,,,,,,,,,,,,29,3,0,0,0,0,0,0,0,0,0,1,2,0,0,0,68640,33,,,1000170992-Pink-5,U.S. Polo Assn Girls 4-6x Button Front Leggings Set-Pink-5,0,0,,,0,0,0,0,0,0,0,0,,,,,,,,,,,,,,,,,,,,,,,,,,,,,,,,,,,,,,,,,,,,,,,,,,,,,,,,,,,,,,,,,,,,,,,,,,,,,,,,,,,,,,,,,,,,,,,,,,,,,,,,,,,,,,,,,,,,,,,,,,,,,,
,,,,,,,,,,,,,,,,,,,,,,,,,,,,,,,,,,,,,,,,,,,,,,,,,,,,,,,,,,,,,,,,,,,,,,,,,,,,,,,,,,,,,,,,,,,,,,,,,,,,,,,,,,,,,,,,,,,,,,,,,,,,,,,,,,,,,,,,,,34,26,,49786,1,2018-03-27 18:13:15,2018-09-12 18:43:45,,configurable,"{""info_buyRequest"":{""uenc"":""aHR0cHM6Ly93d3cua2lkY2l0eXN0b3Jlcy5jb20vZ2lybC9naXJsLTQtNngvbGltaXRlZC10b28tZ2lybHMtNC02eC1wdWZmLWJvcmRlci1wcmludC0yLXBpZWNlLWNoYW1icmF5LWxlZ2dpbmctc2V0LWdyZXktd2hpdGUuaHRtbA,,"",""product"":""68899"",""selected_configurable_option"":"""",""related_product"":"""",""super_attribute"":{""135"":""164""},""qty"":""1""},""attributes_info"":[{""label"":""Size"",""value"":""5""}],""simple_name"":""Limited Too Girls 4-6x Puff Border Print 2 Piece Chambray Legging Set-Grey White-5"",""simple_sku"":""1000174952-Grey White-5"",""product_calculations"":1,""shipment_type"":0}",1,0,1000174952-Grey White-5,Limited Too Girls 4-6x Puff Border Print 2 Piece Chambray Legging Set-Grey White,,25,,0,0,0,0,1,1,0,1,2,5.99,5.99,11.99,11.99,0,0,0,0,0,20,1.2,1.2,1.2,1.2,0,0,5.99,5.99,5.99,5.99,1,0,0,,0,0,5.99,5.99,5.99,5.99,0,0,0,0,0,0,0,0,0,0,0,0,0,0,0,[],0,0,0,0,0,0,0,0,,,,,,,,,,,,,,,,,,,,,,,,,,,,,,,,,,,,,,,,,,,,,,,,,,,,,,,,,,,,,,,,,,,,,,,,,,,,,,,,,,,,,,,,,,,,,,,,,,,,,,,,,,,,,,,,,,,,,,,,,,,,,,,,,,,,,,,,,,,,,,,,,,,,,,,,,,,,,,,,,,,,,,,,,,,,,,,,,,,,,,,,,30,3,5.99,0,5.99,1.2,5.99,1.2,5.99,0,5.99,1,2,5.99,5.99,5.99,68899,34,,,1000174952-Grey White-5,Limited Too Girls 4-6x Puff Border Print 2 Piece Chambray Legging Set-Grey White,0,0,,[],0,0,0,0,0,0,0,0,,,,,,,,,,,,,,,,,,,,,,,,,,,,,,,,,,,,,,,,,,,,,,,,,,,,,,,,,,,,,,,,,,,,,,,,,,,,,,,,,,,,,,,,,,,,,,,,,,,,,,,,,,,,,,,,,,,,,,,,,,,,,,
,,,,,,,,,,,,,,,,,,,,,,,,,,,,,,,,,,,,,,,,,,,,,,,,,,,,,,,,,,,,,,,,,,,,,,,,,,,,,,,,,,,,,,,,,,,,,,,,,,,,,,,,,,,,,,,,,,,,,,,,,,,,,,,,,,,,,,,,,,35,26,34,49787,1,2018-03-27 18:13:15,2018-09-12 18:43:45,,simple,"{""info_buyRequest"":{""uenc"":""aHR0cHM6Ly93d3cua2lkY2l0eXN0b3Jlcy5jb20vZ2lybC9naXJsLTQtNngvbGltaXRlZC10b28tZ2lybHMtNC02eC1wdWZmLWJvcmRlci1wcmludC0yLXBpZWNlLWNoYW1icmF5LWxlZ2dpbmctc2V0LWdyZXktd2hpdGUuaHRtbA,,"",""product"":""68899"",""selected_configurable_option"":"""",""related_product"":"""",""super_attribute"":{""135"":""164""},""qty"":""1""}}",1,0,1000174952-Grey White-5,Limited Too Girls 4-6x Puff Border Print 2 Piece Chambray Legging Set-Grey White-5,,,,0,0,0,0,1,1,0,0,2,0,0,0,0,0,0,0,0,0,0,0,0,0,0,0,0,0,0,0,0,0,0,0,,0,0,0,0,0,0,0,0,0,0,0,0,0,0,0,0,0,0,0,0,0,,0,0,0,0,0,0,0,0,,,,,,,,,,,,,,,,,,,,,,,,,,,,,,,,,,,,,,,,,,,,,,,,,,,,,,,,,,,,,,,,,,,,,,,,,,,,,,,,,,,,,,,,,,,,,,,,,,,,,,,,,,,,,,,,,,,,,,,,,,,,,,,,,,,,,,,,,,,,,,,,,,,,,,,,,,,,,,,,,,,,,,,,,,,,,,,,,,,,,,,,,31,3,0,0,0,0,0,0,0,0,0,1,2,0,0,0,68295,35,,,1000174952-Grey White-5,Limited Too Girls 4-6x Puff Border Print 2 Piece Chambray Legging Set-Grey White-5,0,0,,,0,0,0,0,0,0,0,0,,,,,,,,,,,,,,,,,,,,,,,,,,,,,,,,,,,,,,,,,,,,,,,,,,,,,,,,,,,,,,,,,,,,,,,,,,,,,,,,,,,,,,,,,,,,,,,,,,,,,,,,,,,,,,,,,,,,,,,,,,,,,,
27,1333333333,complete,shipped_complete_store_2,,664c41,Free Shipping - Free,0,1,,-9.38,0,-6.18,0,37.53,0,0,0,0,0,0,46.91,0,30.94,0,0,0,0,0,1,1,0,24.76,30.65,0,0,24.76,0,0,-9.38,0,-6.18,0,37.53,0,0,0,0,0,0,0,0,46.91,0,30.94,0,0,0,0,0,0,24.76,0,0,24.76,9,0,0,0,1,1,10,0,0,1,1,0,0,0,9787,9,0,0,0,0,0,46.91,12.77,0,0,46.91,12.77,9,0000-00-00 00:00:00,6,USD,jane@roe.com,,,,,,,,,,USD,,,USD,,,,,,127.0.0.1,freeshipping_freeshipping,USD,,,2018-03-27 19:30:33,2018-09-12 18:43:45,9,0,0,0,0,0,0,0,0,0,0,0,,0,0,Shipped Complete - Store 34,36,27,,49812,1,2018-03-27 19:30:33,2018-09-12 18:43:45,,configurable,"{""info_buyRequest"":{""uenc"":""aHR0cHM6Ly93d3cua2lkY2l0eXN0b3Jlcy5jb20vY3JpYm1hdGUtbGF5ZXR0ZS1jcmlua2xlLXNvZnQtdGVldGhlci1ib29rLXllbGxvdy5odG1s"",""product"":""69146"",""selected_configurable_option"":"""",""related_product"":"""",""super_attribute"":{""135"":""111""},""qty"":""1""},""attributes_info"":[{""label"":""Size"",""value"":""One Size""}],""simple_name"":""Cribmate Layette Crinkle Soft Teether Book-Yellow-One Size"",""simple_sku"":""1000166259-Yellow-One Size"",""product_calculations"":1,""shipment_type"":0}",1,0,1000166259-Yellow-One Size,Cribmate Layette Crinkle Soft Teether Book-Yellow,,6,,0,0,0,1,0,1,0,0,1.65,3.99,3.99,7.99,7.99,0,0,0,0,0,20,0.8,0.8,0,0,0,0,3.99,3.99,0,0,1,0,0,,0,0,3.99,3.99,3.99,3.99,0,0,0,0,0,0,0,0,0,0,0,0,0,0,0,[],0,0,0,0,0,0,0,0,9,27,0,0,23,0,,Illinois,62221,Roe,1706 Page,Belleville,Lhash56@hotmail.com,618 214 8214,US,Jane,shipping,,,,,,0,,,0,5,27,0,0,0,24.76,0,37.53,24.76,0,0,0,24.76,37.53,37.53,0,0,0,37.53,0,0,,,,,payflow_express,,,,,,,,,,,397666806U9047808-void,,,,,,,,,,,,,,,,,"{""button"":1,""paypal_express_checkout_shipping_method"":"""",""paypal_payer_id"":""LFREZ6VL6SLHG"",""paypal_payer_email"":""Lhash56@hotmail.com"",""paypal_correlation_id"":""8071f5d9b8d35"",""paypal_express_checkout_payer_id"":""LFREZ6VL6SLHG"",""paypal_express_checkout_token"":""EC-149472895B797735F"",""method_title"":""PayPal Express Checkout Payflow Edition"",""paypal_express_checkout_redirect_required"":false,""paypal_payer_status"":""verified"",""paypal_address_status"":""confirmed"",""paypal_protection_eligibility"":""Eligible"",""paypal_payment_status"":""completed"",""paypal_pending_reason"":""completed""}",8,,27,5,397666806U9047808,,authorization,1,eyJwYXlmbG93X3RyeGlkIjoiQkdQUDFCNzI4Nzg4In0=,2018-03-27 19:30:33,4,1,0,6,1,1,27,0,9,10,0,100000745,2018-03-28 17:18:26,2018-09-12 18:43:45,[],,,0,15,4,0,3.99,1,1,70730,40,,,Cb Sport Boys 8-16 Fleece Simple Print Panels Short-Grey,1000176416-Grey-14/16,,,,,,,4,4,0,0,27,ASDWQ125,,United States Postal Service,stamps,2018-03-28 17:58:42,2018-09-12 18:43:45,4,1,24.76,0,0,0,0,0,-6.18,1,24.76,0,30.94,30.94,0,0,15,1,30.94,30.94,-6.18,10,0,27,1,1,0,2,9,USD,3X168448R0347604L,USD,USD,USD,100000727,2018-03-28 17:18:26,2018-09-12 18:43:45,0,0,0,0,0,0,0,,,0,32,4,0,0,0,0,0,0,0,0,0,1,1.65,0,0,0,69005,37,,,1000166259-Yellow-One Size,Cribmate Layette Crinkle Soft Teether Book-Yellow-One Size,0,0,,,0,0,0,0,0,0,0,0,,,,,,,,,,,,,,,,,,,,,,,,,,,,,,,,,,,,,,,,,,,,,,,,,,,,,,,,,,,,,,,,,,,,,,,,,,,,,,,,,,,,,,,,,,,,,,,,,,10,27,0,0,"Payflow PNREF: #BGPP1B728788. Authorized amount of $37.53 Transaction ID: ""397666806U9047808""",processing,2018-03-27 19:30:33,order,,,,,,,,,,,,,,,,,,,,,
,,,,,,,,,,,,,,,,,,,,,,,,,,,,,,,,,,,,,,,,,,,,,,,,,,,,,,,,,,,,,,,,,,,,,,,,,,,,,,,,,,,,,,,,,,,,,,,,,,,,,,,,,,,,,,,,,,,,,,,,,,,,,,,,,,,,,,,,,,37,27,36,49813,1,2018-03-27 19:30:33,2018-09-12 18:43:45,,simple,"{""info_buyRequest"":{""uenc"":""aHR0cHM6Ly93d3cua2lkY2l0eXN0b3Jlcy5jb20vY3JpYm1hdGUtbGF5ZXR0ZS1jcmlua2xlLXNvZnQtdGVldGhlci1ib29rLXllbGxvdy5odG1s"",""product"":""69146"",""selected_configurable_option"":"""",""related_product"":"""",""super_attribute"":{""135"":""111""},""qty"":""1""}}",1,0,1000166259-Yellow-One Size,Cribmate Layette Crinkle Soft Teether Book-Yellow-One Size,,,,0,0,0,0,1,1,0,0,1.65,0,0,0,0,0,0,0,0,0,0,0,0,0,0,0,0,0,0,0,0,0,0,0,,0,0,0,0,0,0,0,0,0,0,0,0,0,0,0,0,0,0,0,0,0,,0,0,0,0,0,0,0,0,10,27,0,0,23,0,,Illinois,62221,Roe,1706 Page,Belleville,Lhash56@hotmail.com,618 214 8214,US,Jane,billing,,,,,,0,,,0,,,,,,,,,,,,,,,,,,,,,,,,,,,,,,,,,,,,,,,,,,,,,,,,,,,,,,,9,8,27,5,3X168448R0347604L,397666806U9047808,capture,0,eyJwYXlmbG93X3RyeGlkIjoiQklQUDc4NUFERENEIn0=,2018-03-28 17:18:26,,,,,,,,,,,,,,,,,,,16,4,0,3.99,1,1,70729,42,,,Cb Sport Boys 8-16 Fleece Simple Print Panels Short-Black,1000176415-Black-14/16,,,,,,,,,,,,,,,,,,,,,,,,,,,,,,,,,,,,,,,,,,,,,,,,,,,,,,,,,,,,,,,,,33,4,0,0,0,0,0,0,0,0,0,1,1,0,0,0,68951,39,,,1000140924-Blue-One Size,Bon Bebe Layette Five Hanger Receiving Blanket-Blue-One Size,0,0,,,0,0,0,0,0,0,0,0,,,,,,,,,,,,,,,,,,,,,,,,,,,,,,,,,,,,,,,,,,,,,,,,,,,,,,,,,,,,,,,,,,,,,,,,,,,,,,,,,,,,,,,,,,,,,,,,,,11,27,0,0,"Payflow PNREF: #BIPP785ADDCD. Captured amount of $24.76 online Transaction ID: ""3X168448R0347604L""",processing,2018-03-28 17:18:26,invoice,,,,,,,,,,,,,,,,,,,,,
,,,,,,,,,,,,,,,,,,,,,,,,,,,,,,,,,,,,,,,,,,,,,,,,,,,,,,,,,,,,,,,,,,,,,,,,,,,,,,,,,,,,,,,,,,,,,,,,,,,,,,,,,,,,,,,,,,,,,,,,,,,,,,,,,,,,,,,,,,38,27,,49814,1,2018-03-27 19:30:33,2018-09-12 18:43:45,,configurable,"{""info_buyRequest"":{""uenc"":""aHR0cHM6Ly93d3cua2lkY2l0eXN0b3Jlcy5jb20vYm9uLWJlYmUtbGF5ZXR0ZS1maXZlLWhhbmdlci1yZWNlaXZpbmctYmxhbmtldC1ibHVlLmh0bWw,"",""product"":""69119"",""selected_configurable_option"":"""",""related_product"":"""",""super_attribute"":{""135"":""111""},""qty"":""1""},""attributes_info"":[{""label"":""Size"",""value"":""One Size""}],""simple_name"":""Bon Bebe Layette Five Hanger Receiving Blanket-Blue-One Size"",""simple_sku"":""1000140924-Blue-One Size"",""product_calculations"":1,""shipment_type"":0}",1,0,1000140924-Blue-One Size,Bon Bebe Layette Five Hanger Receiving Blanket-Blue,,6,,0,0,0,1,0,1,0,0,1,5.99,5.99,11.99,11.99,0,0,0,0,0,20,1.2,1.2,0,0,0,0,5.99,5.99,0,0,1,0,0,,0,0,5.99,5.99,5.99,5.99,0,0,0,0,0,0,0,0,0,0,0,0,0,0,0,[],0,0,0,0,0,0,0,0,,,,,,,,,,,,,,,,,,,,,,,,,,,,,,,,,,,,,,,,,,,,,,,,,,,,,,,,,,,,,,,,,,,,,,,,,,,,,,,,,10,8,27,5,397666806U9047808-void,397666806U9047808,void,1,W10=,2018-03-28 17:18:42,,,,,,,,,,,,,,,,,,,17,4,0,3.99,1,1,70728,44,,,Cb Sport Boys 8-16 Fleece Cut and Sew Mini Mesh Short-Charcoal,1000176413-Charcoal-14/16,,,,,,,,,,,,,,,,,,,,,,,,,,,,,,,,,,,,,,,,,,,,,,,,,,,,,,,,,,,,,,,,,34,4,3.99,0,3.99,0.79,3.99,0.79,3.99,0,3.99,1,1,3.99,3.99,3.99,70730,40,,,1000176416-Grey-14/16,Cb Sport Boys 8-16 Fleece Simple Print Panels Short-Grey,0,0,,[],0,0,0,0,0,0,0,0,,,,,,,,,,,,,,,,,,,,,,,,,,,,,,,,,,,,,,,,,,,,,,,,,,,,,,,,,,,,,,,,,,,,,,,,,,,,,,,,,,,,,,,,,,,,,,,,,,12,27,0,0,"IPN ""Completed"" Registered notification about captured amount of $24.76. Transaction ID: ""3X168448R0347604L""",processing,2018-03-28 17:18:37,order,,,,,,,,,,,,,,,,,,,,,
,,,,,,,,,,,,,,,,,,,,,,,,,,,,,,,,,,,,,,,,,,,,,,,,,,,,,,,,,,,,,,,,,,,,,,,,,,,,,,,,,,,,,,,,,,,,,,,,,,,,,,,,,,,,,,,,,,,,,,,,,,,,,,,,,,,,,,,,,,39,27,38,49815,1,2018-03-27 19:30:33,2018-09-12 18:43:45,,simple,"{""info_buyRequest"":{""uenc"":""aHR0cHM6Ly93d3cua2lkY2l0eXN0b3Jlcy5jb20vYm9uLWJlYmUtbGF5ZXR0ZS1maXZlLWhhbmdlci1yZWNlaXZpbmctYmxhbmtldC1ibHVlLmh0bWw,"",""product"":""69119"",""selected_configurable_option"":"""",""related_product"":"""",""super_attribute"":{""135"":""111""},""qty"":""1""}}",1,0,1000140924-Blue-One Size,Bon Bebe Layette Five Hanger Receiving Blanket-Blue-One Size,,,,0,0,0,0,1,1,0,0,1,0,0,0,0,0,0,0,0,0,0,0,0,0,0,0,0,0,0,0,0,0,0,0,,0,0,0,0,0,0,0,0,0,0,0,0,0,0,0,0,0,0,0,0,0,,0,0,0,0,0,0,0,0,,,,,,,,,,,,,,,,,,,,,,,,,,,,,,,,,,,,,,,,,,,,,,,,,,,,,,,,,,,,,,,,,,,,,,,,,,,,,,,,,,,,,,,,,,,,,,,,,,,,,,,,,,,,,18,4,0,10.99,1,1,69106,48,,,Baby Layette Blanket-Blue,1000114457-Blue-One Size,,,,,,,,,,,,,,,,,,,,,,,,,,,,,,,,,,,,,,,,,,,,,,,,,,,,,,,,,,,,,,,,,35,4,0,0,0,0,0,0,0,0,0,1,1,0,0,0,70518,41,,,1000176416-Grey-14/16,Cb Sport Boys 8-16 Fleece Simple Print Panels Short-Grey-14/16,0,0,,,0,0,0,0,0,0,0,0,,,,,,,,,,,,,,,,,,,,,,,,,,,,,,,,,,,,,,,,,,,,,,,,,,,,,,,,,,,,,,,,,,,,,,,,,,,,,,,,,,,,,,,,,,,,,,,,,,13,27,0,0,"Canceled order online Transaction ID: ""397666806U9047808-void""",processing,2018-03-28 17:18:42,order,,,,,,,,,,,,,,,,,,,,,
,,,,,,,,,,,,,,,,,,,,,,,,,,,,,,,,,,,,,,,,,,,,,,,,,,,,,,,,,,,,,,,,,,,,,,,,,,,,,,,,,,,,,,,,,,,,,,,,,,,,,,,,,,,,,,,,,,,,,,,,,,,,,,,,,,,,,,,,,,40,27,,49816,1,2018-03-27 19:30:33,2018-09-12 18:43:45,,configurable,"{""info_buyRequest"":{""uenc"":""aHR0cHM6Ly93d3cua2lkY2l0eXN0b3Jlcy5jb20vbGF0ZXN0cw,,"",""product"":""70730"",""super_attribute"":{""135"":""240""},""qty"":1},""attributes_info"":[{""label"":""Size"",""value"":""14\/16""}],""simple_name"":""Cb Sport Boys 8-16 Fleece Simple Print Panels Short-Grey-14\/16"",""simple_sku"":""1000176416-Grey-14\/16"",""product_calculations"":1,""shipment_type"":0}",1,0,1000176416-Grey-14/16,Cb Sport Boys 8-16 Fleece Simple Print Panels Short-Grey,,6,,0,0,0,0,1,1,0,1,1,3.99,3.99,7.99,7.99,0,0,0,0,0,20,0.79,0.79,0.79,0.79,0,0,3.99,3.99,3.99,3.99,1,0,0,,0,0,3.99,3.99,3.99,3.99,0,0,0,0,0,0,0,0,0,0,0,0,0,0,0,[],0,0,0,0,0,0,0,0,,,,,,,,,,,,,,,,,,,,,,,,,,,,,,,,,,,,,,,,,,,,,,,,,,,,,,,,,,,,,,,,,,,,,,,,,,,,,,,,,,,,,,,,,,,,,,,,,,,,,,,,,,,,,19,4,0,3.99,1,1,69115,50,,,Precious Moments Layette Velboa Soft Blanket-Blue,1000129132-Blue-One Size,,,,,,,,,,,,,,,,,,,,,,,,,,,,,,,,,,,,,,,,,,,,,,,,,,,,,,,,,,,,,,,,,36,4,3.99,0,3.99,0.8,3.99,0.8,3.99,0,3.99,1,1,3.99,3.99,3.99,70729,42,,,1000176415-Black-14/16,Cb Sport Boys 8-16 Fleece Simple Print Panels Short-Black,0,0,,[],0,0,0,0,0,0,0,0,,,,,,,,,,,,,,,,,,,,,,,,,,,,,,,,,,,,,,,,,,,,,,,,,,,,,,,,,,,,,,,,,,,,,,,,,,,,,,,,,,,,,,,,,,,,,,,,,,14,27,0,0,,shipped_complete_store_2,2018-03-28 17:19:31,order,,,,,,,,,,,,,,,,,,,,,
,,,,,,,,,,,,,,,,,,,,,,,,,,,,,,,,,,,,,,,,,,,,,,,,,,,,,,,,,,,,,,,,,,,,,,,,,,,,,,,,,,,,,,,,,,,,,,,,,,,,,,,,,,,,,,,,,,,,,,,,,,,,,,,,,,,,,,,,,,41,27,40,49817,1,2018-03-27 19:30:33,2018-09-12 18:43:45,,simple,"{""info_buyRequest"":{""uenc"":""aHR0cHM6Ly93d3cua2lkY2l0eXN0b3Jlcy5jb20vbGF0ZXN0cw,,"",""product"":""70730"",""super_attribute"":{""135"":""240""},""qty"":1}}",1,0,1000176416-Grey-14/16,Cb Sport Boys 8-16 Fleece Simple Print Panels Short-Grey-14/16,,,,0,0,0,0,1,1,0,0,1,0,0,0,0,0,0,0,0,0,0,0,0,0,0,0,0,0,0,0,0,0,0,0,,0,0,0,0,0,0,0,0,0,0,0,0,0,0,0,0,0,0,0,0,0,,0,0,0,0,0,0,0,0,,,,,,,,,,,,,,,,,,,,,,,,,,,,,,,,,,,,,,,,,,,,,,,,,,,,,,,,,,,,,,,,,,,,,,,,,,,,,,,,,,,,,,,,,,,,,,,,,,,,,,,,,,,,,20,4,0,3.99,1,1,69141,52,,,Petite Creations Layette Toy Elephant Teether-Green,1000162675-Green-One Size,,,,,,,,,,,,,,,,,,,,,,,,,,,,,,,,,,,,,,,,,,,,,,,,,,,,,,,,,,,,,,,,,37,4,0,0,0,0,0,0,0,0,0,1,1,0,0,0,70515,43,,,1000176415-Black-14/16,Cb Sport Boys 8-16 Fleece Simple Print Panels Short-Black-14/16,0,0,,,0,0,0,0,0,0,0,0,,,,,,,,,,,,,,,,,,,,,,,,,,,,,,,,,,,,,,,,,,,,,,,,,,,,,,,,,,,,,,,,,,,,,,,,,,,,,,,,,,,,,,,,,,,,,,,,,,,,,,,,,,,,,,,,,,,,,,,,,,,,,,
,,,,,,,,,,,,,,,,,,,,,,,,,,,,,,,,,,,,,,,,,,,,,,,,,,,,,,,,,,,,,,,,,,,,,,,,,,,,,,,,,,,,,,,,,,,,,,,,,,,,,,,,,,,,,,,,,,,,,,,,,,,,,,,,,,,,,,,,,,42,27,,49818,1,2018-03-27 19:30:33,2018-09-12 18:43:45,,configurable,"{""info_buyRequest"":{""uenc"":""aHR0cHM6Ly93d3cua2lkY2l0eXN0b3Jlcy5jb20vcHJvZHVjdHMvYXJyaXZhbHMvaW5kZXgvP3BhZ2VyPTI,"",""product"":""70729"",""super_attribute"":{""135"":""240""},""qty"":1},""attributes_info"":[{""label"":""Size"",""value"":""14\/16""}],""simple_name"":""Cb Sport Boys 8-16 Fleece Simple Print Panels Short-Black-14\/16"",""simple_sku"":""1000176415-Black-14\/16"",""product_calculations"":1,""shipment_type"":0}",1,0,1000176415-Black-14/16,Cb Sport Boys 8-16 Fleece Simple Print Panels Short-Black,,6,,0,0,0,0,1,1,0,1,1,3.99,3.99,7.99,7.99,0,0,0,0,0,20,0.8,0.8,0.8,0.8,0,0,3.99,3.99,3.99,3.99,1,0,0,,0,0,3.99,3.99,3.99,3.99,0,0,0,0,0,0,0,0,0,0,0,0,0,0,0,[],0,0,0,0,0,0,0,0,,,,,,,,,,,,,,,,,,,,,,,,,,,,,,,,,,,,,,,,,,,,,,,,,,,,,,,,,,,,,,,,,,,,,,,,,,,,,,,,,,,,,,,,,,,,,,,,,,,,,,,,,,,,,,,,,,,,,,,,,,,,,,,,,,,,,,,,,,,,,,,,,,,,,,,,,,,,,,,,,,,,,,,,,,,,,,,,,,,,,,,,,38,4,3.99,0,3.99,0.8,3.99,0.8,3.99,0,3.99,1,1,3.99,3.99,3.99,70728,44,,,1000176413-Charcoal-14/16,Cb Sport Boys 8-16 Fleece Cut and Sew Mini Mesh Short-Charcoal,0,0,,[],0,0,0,0,0,0,0,0,,,,,,,,,,,,,,,,,,,,,,,,,,,,,,,,,,,,,,,,,,,,,,,,,,,,,,,,,,,,,,,,,,,,,,,,,,,,,,,,,,,,,,,,,,,,,,,,,,,,,,,,,,,,,,,,,,,,,,,,,,,,,,
,,,,,,,,,,,,,,,,,,,,,,,,,,,,,,,,,,,,,,,,,,,,,,,,,,,,,,,,,,,,,,,,,,,,,,,,,,,,,,,,,,,,,,,,,,,,,,,,,,,,,,,,,,,,,,,,,,,,,,,,,,,,,,,,,,,,,,,,,,43,27,42,49819,1,2018-03-27 19:30:33,2018-09-12 18:43:45,,simple,"{""info_buyRequest"":{""uenc"":""aHR0cHM6Ly93d3cua2lkY2l0eXN0b3Jlcy5jb20vcHJvZHVjdHMvYXJyaXZhbHMvaW5kZXgvP3BhZ2VyPTI,"",""product"":""70729"",""super_attribute"":{""135"":""240""},""qty"":1}}",1,0,1000176415-Black-14/16,Cb Sport Boys 8-16 Fleece Simple Print Panels Short-Black-14/16,,,,0,0,0,0,1,1,0,0,1,0,0,0,0,0,0,0,0,0,0,0,0,0,0,0,0,0,0,0,0,0,0,0,,0,0,0,0,0,0,0,0,0,0,0,0,0,0,0,0,0,0,0,0,0,,0,0,0,0,0,0,0,0,,,,,,,,,,,,,,,,,,,,,,,,,,,,,,,,,,,,,,,,,,,,,,,,,,,,,,,,,,,,,,,,,,,,,,,,,,,,,,,,,,,,,,,,,,,,,,,,,,,,,,,,,,,,,,,,,,,,,,,,,,,,,,,,,,,,,,,,,,,,,,,,,,,,,,,,,,,,,,,,,,,,,,,,,,,,,,,,,,,,,,,,,39,4,0,0,0,0,0,0,0,0,0,1,1,0,0,0,70512,45,,,1000176413-Charcoal-14/16,Cb Sport Boys 8-16 Fleece Cut and Sew Mini Mesh Short-Charcoal-14,0,0,,,0,0,0,0,0,0,0,0,,,,,,,,,,,,,,,,,,,,,,,,,,,,,,,,,,,,,,,,,,,,,,,,,,,,,,,,,,,,,,,,,,,,,,,,,,,,,,,,,,,,,,,,,,,,,,,,,,,,,,,,,,,,,,,,,,,,,,,,,,,,,,
,,,,,,,,,,,,,,,,,,,,,,,,,,,,,,,,,,,,,,,,,,,,,,,,,,,,,,,,,,,,,,,,,,,,,,,,,,,,,,,,,,,,,,,,,,,,,,,,,,,,,,,,,,,,,,,,,,,,,,,,,,,,,,,,,,,,,,,,,,44,27,,49820,1,2018-03-27 19:30:33,2018-09-12 18:43:45,,configurable,"{""info_buyRequest"":{""uenc"":""aHR0cHM6Ly93d3cua2lkY2l0eXN0b3Jlcy5jb20vY2Itc3BvcnQtYm95cy04LTE2LWZsZWVjZS1jdXQtYW5kLXNldy1taW5pLW1lc2gtc2hvcnQtY2hhcmNvYWwuaHRtbA,,"",""product"":""70728"",""selected_configurable_option"":"""",""related_product"":"""",""super_attribute"":{""135"":""240""},""qty"":""1""},""attributes_info"":[{""label"":""Size"",""value"":""14\/16""}],""simple_name"":""Cb Sport Boys 8-16 Fleece Cut and Sew Mini Mesh Short-Charcoal-14"",""simple_sku"":""1000176413-Charcoal-14\/16"",""product_calculations"":1,""shipment_type"":0}",1,0,1000176413-Charcoal-14/16,Cb Sport Boys 8-16 Fleece Cut and Sew Mini Mesh Short-Charcoal,,6,,0,0,0,0,1,1,0,1,1,3.99,3.99,7.99,7.99,0,0,0,0,0,20,0.8,0.8,0.8,0.8,0,0,3.99,3.99,3.99,3.99,1,0,0,,0,0,3.99,3.99,3.99,3.99,0,0,0,0,0,0,0,0,0,0,0,0,0,0,0,[],0,0,0,0,0,0,0,0,,,,,,,,,,,,,,,,,,,,,,,,,,,,,,,,,,,,,,,,,,,,,,,,,,,,,,,,,,,,,,,,,,,,,,,,,,,,,,,,,,,,,,,,,,,,,,,,,,,,,,,,,,,,,,,,,,,,,,,,,,,,,,,,,,,,,,,,,,,,,,,,,,,,,,,,,,,,,,,,,,,,,,,,,,,,,,,,,,,,,,,,,40,4,0,0,0,0,0,0,0,0,0,1,3,0,0,0,68974,47,,,1000156650-Navy-One Size,Luvable Friends Layette Printed Receiving Blanket 4 Pack-Navy-One Size,0,0,,,0,0,0,0,0,0,0,0,,,,,,,,,,,,,,,,,,,,,,,,,,,,,,,,,,,,,,,,,,,,,,,,,,,,,,,,,,,,,,,,,,,,,,,,,,,,,,,,,,,,,,,,,,,,,,,,,,,,,,,,,,,,,,,,,,,,,,,,,,,,,,
,,,,,,,,,,,,,,,,,,,,,,,,,,,,,,,,,,,,,,,,,,,,,,,,,,,,,,,,,,,,,,,,,,,,,,,,,,,,,,,,,,,,,,,,,,,,,,,,,,,,,,,,,,,,,,,,,,,,,,,,,,,,,,,,,,,,,,,,,,45,27,44,49821,1,2018-03-27 19:30:33,2018-09-12 18:43:45,,simple,"{""info_buyRequest"":{""uenc"":""aHR0cHM6Ly93d3cua2lkY2l0eXN0b3Jlcy5jb20vY2Itc3BvcnQtYm95cy04LTE2LWZsZWVjZS1jdXQtYW5kLXNldy1taW5pLW1lc2gtc2hvcnQtY2hhcmNvYWwuaHRtbA,,"",""product"":""70728"",""selected_configurable_option"":"""",""related_product"":"""",""super_attribute"":{""135"":""240""},""qty"":""1""}}",1,0,1000176413-Charcoal-14/16,Cb Sport Boys 8-16 Fleece Cut and Sew Mini Mesh Short-Charcoal-14,,,,0,0,0,0,1,1,0,0,1,0,0,0,0,0,0,0,0,0,0,0,0,0,0,0,0,0,0,0,0,0,0,0,,0,0,0,0,0,0,0,0,0,0,0,0,0,0,0,0,0,0,0,0,0,,0,0,0,0,0,0,0,0,,,,,,,,,,,,,,,,,,,,,,,,,,,,,,,,,,,,,,,,,,,,,,,,,,,,,,,,,,,,,,,,,,,,,,,,,,,,,,,,,,,,,,,,,,,,,,,,,,,,,,,,,,,,,,,,,,,,,,,,,,,,,,,,,,,,,,,,,,,,,,,,,,,,,,,,,,,,,,,,,,,,,,,,,,,,,,,,,,,,,,,,,41,4,10.99,0,10.99,2.2,10.99,2.2,10.99,0,10.99,1,6,10.99,10.99,10.99,69106,48,,,1000114457-Blue-One Size,Baby Layette Blanket-Blue,0,0,,[],0,0,0,0,0,0,0,0,,,,,,,,,,,,,,,,,,,,,,,,,,,,,,,,,,,,,,,,,,,,,,,,,,,,,,,,,,,,,,,,,,,,,,,,,,,,,,,,,,,,,,,,,,,,,,,,,,,,,,,,,,,,,,,,,,,,,,,,,,,,,,
,,,,,,,,,,,,,,,,,,,,,,,,,,,,,,,,,,,,,,,,,,,,,,,,,,,,,,,,,,,,,,,,,,,,,,,,,,,,,,,,,,,,,,,,,,,,,,,,,,,,,,,,,,,,,,,,,,,,,,,,,,,,,,,,,,,,,,,,,,46,27,,49822,1,2018-03-27 19:30:33,2018-09-12 18:43:45,,configurable,"{""info_buyRequest"":{""uenc"":""aHR0cHM6Ly93d3cua2lkY2l0eXN0b3Jlcy5jb20vbHV2YWJsZS1mcmllbmRzLWxheWV0dGUtcHJpbnRlZC1yZWNlaXZpbmctYmxhbmtldC00LXBhY2stbmF2eS5odG1s"",""product"":""69133"",""selected_configurable_option"":"""",""related_product"":"""",""super_attribute"":{""135"":""111""},""qty"":""1""},""attributes_info"":[{""label"":""Size"",""value"":""One Size""}],""simple_name"":""Luvable Friends Layette Printed Receiving Blanket 4 Pack-Navy-One Size"",""simple_sku"":""1000156650-Navy-One Size"",""product_calculations"":1,""shipment_type"":0}",1,0,1000156650-Navy-One Size,Luvable Friends Layette Printed Receiving Blanket 4 Pack-Navy,,6,,0,0,0,1,0,1,0,0,3,5.99,5.99,11.99,11.99,0,0,0,0,0,20,1.2,1.2,0,0,0,0,5.99,5.99,0,0,1,0,0,,0,0,5.99,5.99,5.99,5.99,0,0,0,0,0,0,0,0,0,0,0,0,0,0,0,[],0,0,0,0,0,0,0,0,,,,,,,,,,,,,,,,,,,,,,,,,,,,,,,,,,,,,,,,,,,,,,,,,,,,,,,,,,,,,,,,,,,,,,,,,,,,,,,,,,,,,,,,,,,,,,,,,,,,,,,,,,,,,,,,,,,,,,,,,,,,,,,,,,,,,,,,,,,,,,,,,,,,,,,,,,,,,,,,,,,,,,,,,,,,,,,,,,,,,,,,,42,4,0,0,0,0,0,0,0,0,0,1,6,0,0,0,68923,49,,,1000114457-Blue-One Size,Baby Layette Blanket-Blue-One Size,0,0,,,0,0,0,0,0,0,0,0,,,,,,,,,,,,,,,,,,,,,,,,,,,,,,,,,,,,,,,,,,,,,,,,,,,,,,,,,,,,,,,,,,,,,,,,,,,,,,,,,,,,,,,,,,,,,,,,,,,,,,,,,,,,,,,,,,,,,,,,,,,,,,
,,,,,,,,,,,,,,,,,,,,,,,,,,,,,,,,,,,,,,,,,,,,,,,,,,,,,,,,,,,,,,,,,,,,,,,,,,,,,,,,,,,,,,,,,,,,,,,,,,,,,,,,,,,,,,,,,,,,,,,,,,,,,,,,,,,,,,,,,,47,27,46,49823,1,2018-03-27 19:30:33,2018-09-12 18:43:45,,simple,"{""info_buyRequest"":{""uenc"":""aHR0cHM6Ly93d3cua2lkY2l0eXN0b3Jlcy5jb20vbHV2YWJsZS1mcmllbmRzLWxheWV0dGUtcHJpbnRlZC1yZWNlaXZpbmctYmxhbmtldC00LXBhY2stbmF2eS5odG1s"",""product"":""69133"",""selected_configurable_option"":"""",""related_product"":"""",""super_attribute"":{""135"":""111""},""qty"":""1""}}",1,0,1000156650-Navy-One Size,Luvable Friends Layette Printed Receiving Blanket 4 Pack-Navy-One Size,,,,0,0,0,0,1,1,0,0,3,0,0,0,0,0,0,0,0,0,0,0,0,0,0,0,0,0,0,0,0,0,0,0,,0,0,0,0,0,0,0,0,0,0,0,0,0,0,0,0,0,0,0,0,0,,0,0,0,0,0,0,0,0,,,,,,,,,,,,,,,,,,,,,,,,,,,,,,,,,,,,,,,,,,,,,,,,,,,,,,,,,,,,,,,,,,,,,,,,,,,,,,,,,,,,,,,,,,,,,,,,,,,,,,,,,,,,,,,,,,,,,,,,,,,,,,,,,,,,,,,,,,,,,,,,,,,,,,,,,,,,,,,,,,,,,,,,,,,,,,,,,,,,,,,,,43,4,3.99,0,3.99,0.79,3.99,0.79,3.99,0,3.99,1,2,3.99,3.99,3.99,69115,50,,,1000129132-Blue-One Size,Precious Moments Layette Velboa Soft Blanket-Blue,0,0,,[],0,0,0,0,0,0,0,0,,,,,,,,,,,,,,,,,,,,,,,,,,,,,,,,,,,,,,,,,,,,,,,,,,,,,,,,,,,,,,,,,,,,,,,,,,,,,,,,,,,,,,,,,,,,,,,,,,,,,,,,,,,,,,,,,,,,,,,,,,,,,,
,,,,,,,,,,,,,,,,,,,,,,,,,,,,,,,,,,,,,,,,,,,,,,,,,,,,,,,,,,,,,,,,,,,,,,,,,,,,,,,,,,,,,,,,,,,,,,,,,,,,,,,,,,,,,,,,,,,,,,,,,,,,,,,,,,,,,,,,,,48,27,,49824,1,2018-03-27 19:30:33,2018-09-12 18:43:45,,configurable,"{""info_buyRequest"":{""uenc"":""aHR0cHM6Ly93d3cua2lkY2l0eXN0b3Jlcy5jb20vc2hvZXMtYW5kLWFjY2Vzc29yaWVzL2xheWV0dGUvYmFieS1sYXlldHRlLWJsYW5rZXQtYmx1ZS5odG1s"",""product"":""69106"",""selected_configurable_option"":"""",""related_product"":"""",""super_attribute"":{""135"":""111""},""qty"":""1""},""attributes_info"":[{""label"":""Size"",""value"":""One Size""}],""simple_name"":""Baby Layette Blanket-Blue-One Size"",""simple_sku"":""1000114457-Blue-One Size"",""product_calculations"":1,""shipment_type"":0}",1,0,1000114457-Blue-One Size,Baby Layette Blanket-Blue,,6,,0,0,0,0,1,1,0,1,6,10.99,10.99,21.99,21.99,0,0,0,0,0,20,2.2,2.2,2.2,2.2,0,0,10.99,10.99,10.99,10.99,1,0,0,,0,0,10.99,10.99,10.99,10.99,0,0,0,0,0,0,0,0,0,0,0,0,0,0,0,[],0,0,0,0,0,0,0,0,,,,,,,,,,,,,,,,,,,,,,,,,,,,,,,,,,,,,,,,,,,,,,,,,,,,,,,,,,,,,,,,,,,,,,,,,,,,,,,,,,,,,,,,,,,,,,,,,,,,,,,,,,,,,,,,,,,,,,,,,,,,,,,,,,,,,,,,,,,,,,,,,,,,,,,,,,,,,,,,,,,,,,,,,,,,,,,,,,,,,,,,,44,4,0,0,0,0,0,0,0,0,0,1,2,0,0,0,68947,51,,,1000129132-Blue-One Size,Precious Moments Layette Velboa Soft Blanket-Blue-One Size,0,0,,,0,0,0,0,0,0,0,0,,,,,,,,,,,,,,,,,,,,,,,,,,,,,,,,,,,,,,,,,,,,,,,,,,,,,,,,,,,,,,,,,,,,,,,,,,,,,,,,,,,,,,,,,,,,,,,,,,,,,,,,,,,,,,,,,,,,,,,,,,,,,,
,,,,,,,,,,,,,,,,,,,,,,,,,,,,,,,,,,,,,,,,,,,,,,,,,,,,,,,,,,,,,,,,,,,,,,,,,,,,,,,,,,,,,,,,,,,,,,,,,,,,,,,,,,,,,,,,,,,,,,,,,,,,,,,,,,,,,,,,,,49,27,48,49825,1,2018-03-27 19:30:33,2018-09-12 18:43:45,,simple,"{""info_buyRequest"":{""uenc"":""aHR0cHM6Ly93d3cua2lkY2l0eXN0b3Jlcy5jb20vc2hvZXMtYW5kLWFjY2Vzc29yaWVzL2xheWV0dGUvYmFieS1sYXlldHRlLWJsYW5rZXQtYmx1ZS5odG1s"",""product"":""69106"",""selected_configurable_option"":"""",""related_product"":"""",""super_attribute"":{""135"":""111""},""qty"":""1""}}",1,0,1000114457-Blue-One Size,Baby Layette Blanket-Blue-One Size,,,,0,0,0,0,1,1,0,0,6,0,0,0,0,0,0,0,0,0,0,0,0,0,0,0,0,0,0,0,0,0,0,0,,0,0,0,0,0,0,0,0,0,0,0,0,0,0,0,0,0,0,0,0,0,,0,0,0,0,0,0,0,0,,,,,,,,,,,,,,,,,,,,,,,,,,,,,,,,,,,,,,,,,,,,,,,,,,,,,,,,,,,,,,,,,,,,,,,,,,,,,,,,,,,,,,,,,,,,,,,,,,,,,,,,,,,,,,,,,,,,,,,,,,,,,,,,,,,,,,,,,,,,,,,,,,,,,,,,,,,,,,,,,,,,,,,,,,,,,,,,,,,,,,,,,45,4,3.99,0,3.99,0.8,3.99,0.8,3.99,0,3.99,1,1.5,3.99,3.99,3.99,69141,52,,,1000162675-Green-One Size,Petite Creations Layette Toy Elephant Teether-Green,0,0,,[],0,0,0,0,0,0,0,0,,,,,,,,,,,,,,,,,,,,,,,,,,,,,,,,,,,,,,,,,,,,,,,,,,,,,,,,,,,,,,,,,,,,,,,,,,,,,,,,,,,,,,,,,,,,,,,,,,,,,,,,,,,,,,,,,,,,,,,,,,,,,,
,,,,,,,,,,,,,,,,,,,,,,,,,,,,,,,,,,,,,,,,,,,,,,,,,,,,,,,,,,,,,,,,,,,,,,,,,,,,,,,,,,,,,,,,,,,,,,,,,,,,,,,,,,,,,,,,,,,,,,,,,,,,,,,,,,,,,,,,,,50,27,,49828,1,2018-03-27 19:30:33,2018-09-12 18:43:45,,configurable,"{""info_buyRequest"":{""uenc"":""aHR0cHM6Ly93d3cua2lkY2l0eXN0b3Jlcy5jb20vcHJlY2lvdXMtbW9tZW50cy1sYXlldHRlLXZlbGJvYS1zb2Z0LWJsYW5rZXQtYmx1ZS5odG1s"",""product"":""69115"",""selected_configurable_option"":"""",""related_product"":"""",""super_attribute"":{""135"":""111""},""qty"":""1""},""attributes_info"":[{""label"":""Size"",""value"":""One Size""}],""simple_name"":""Precious Moments Layette Velboa Soft Blanket-Blue-One Size"",""simple_sku"":""1000129132-Blue-One Size"",""product_calculations"":1,""shipment_type"":0}",1,0,1000129132-Blue-One Size,Precious Moments Layette Velboa Soft Blanket-Blue,,6,,0,0,0,0,1,1,0,1,2,3.99,3.99,7.99,7.99,0,0,0,0,0,20,0.79,0.79,0.79,0.79,0,0,3.99,3.99,3.99,3.99,1,0,0,,0,0,3.99,3.99,3.99,3.99,0,0,0,0,0,0,0,0,0,0,0,0,0,0,0,[],0,0,0,0,0,0,0,0,,,,,,,,,,,,,,,,,,,,,,,,,,,,,,,,,,,,,,,,,,,,,,,,,,,,,,,,,,,,,,,,,,,,,,,,,,,,,,,,,,,,,,,,,,,,,,,,,,,,,,,,,,,,,,,,,,,,,,,,,,,,,,,,,,,,,,,,,,,,,,,,,,,,,,,,,,,,,,,,,,,,,,,,,,,,,,,,,,,,,,,,,46,4,0,0,0,0,0,0,0,0,0,1,1.5,0,0,0,69000,53,,,1000162675-Green-One Size,Petite Creations Layette Toy Elephant Teether-Green-One Size,0,0,,,0,0,0,0,0,0,0,0,,,,,,,,,,,,,,,,,,,,,,,,,,,,,,,,,,,,,,,,,,,,,,,,,,,,,,,,,,,,,,,,,,,,,,,,,,,,,,,,,,,,,,,,,,,,,,,,,,,,,,,,,,,,,,,,,,,,,,,,,,,,,,
,,,,,,,,,,,,,,,,,,,,,,,,,,,,,,,,,,,,,,,,,,,,,,,,,,,,,,,,,,,,,,,,,,,,,,,,,,,,,,,,,,,,,,,,,,,,,,,,,,,,,,,,,,,,,,,,,,,,,,,,,,,,,,,,,,,,,,,,,,51,27,50,49829,1,2018-03-27 19:30:33,2018-09-12 18:43:45,,simple,"{""info_buyRequest"":{""uenc"":""aHR0cHM6Ly93d3cua2lkY2l0eXN0b3Jlcy5jb20vcHJlY2lvdXMtbW9tZW50cy1sYXlldHRlLXZlbGJvYS1zb2Z0LWJsYW5rZXQtYmx1ZS5odG1s"",""product"":""69115"",""selected_configurable_option"":"""",""related_product"":"""",""super_attribute"":{""135"":""111""},""qty"":""1""}}",1,0,1000129132-Blue-One Size,Precious Moments Layette Velboa Soft Blanket-Blue-One Size,,,,0,0,0,0,1,1,0,0,2,0,0,0,0,0,0,0,0,0,0,0,0,0,0,0,0,0,0,0,0,0,0,0,,0,0,0,0,0,0,0,0,0,0,0,0,0,0,0,0,0,0,0,0,0,,0,0,0,0,0,0,0,0,,,,,,,,,,,,,,,,,,,,,,,,,,,,,,,,,,,,,,,,,,,,,,,,,,,,,,,,,,,,,,,,,,,,,,,,,,,,,,,,,,,,,,,,,,,,,,,,,,,,,,,,,,,,,,,,,,,,,,,,,,,,,,,,,,,,,,,,,,,,,,,,,,,,,,,,,,,,,,,,,,,,,,,,,,,,,,,,,,,,,,,,,,,,,,,,,,,,,,,,,,,,,,,,,,,,,,,,,,,,,,,,,,,,,,,,,,,,,,,,,,,,,,,,,,,,,,,,,,,,,,,,,,,,,,,,,,,,,,,,,,,,,,,,,,,,,,,,,,,,,,,,,,,,,,,,,,,,,,,,,,,,,,,,,,,,,,,,,,,,,,,,
,,,,,,,,,,,,,,,,,,,,,,,,,,,,,,,,,,,,,,,,,,,,,,,,,,,,,,,,,,,,,,,,,,,,,,,,,,,,,,,,,,,,,,,,,,,,,,,,,,,,,,,,,,,,,,,,,,,,,,,,,,,,,,,,,,,,,,,,,,52,27,,49889,1,2018-03-27 19:30:33,2018-09-12 18:43:45,,configurable,"{""info_buyRequest"":{""uenc"":""aHR0cHM6Ly93d3cua2lkY2l0eXN0b3Jlcy5jb20vc2hvZXMtYW5kLWFjY2Vzc29yaWVzL2xheWV0dGUvcGV0aXRlLWNyZWF0aW9ucy1sYXlldHRlLXRveS1lbGVwaGFudC10ZWV0aGVyLWdyZWVuLmh0bWw,"",""product"":""69141"",""selected_configurable_option"":"""",""related_product"":"""",""super_attribute"":{""135"":""111""},""qty"":""1""},""attributes_info"":[{""label"":""Size"",""value"":""One Size""}],""simple_name"":""Petite Creations Layette Toy Elephant Teether-Green-One Size"",""simple_sku"":""1000162675-Green-One Size"",""product_calculations"":1,""shipment_type"":0}",1,0,1000162675-Green-One Size,Petite Creations Layette Toy Elephant Teether-Green,,6,,0,0,0,0,1,1,0,1,1.5,3.99,3.99,7.99,7.99,0,0,0,0,0,20,0.8,0.8,0.8,0.8,0,0,3.99,3.99,3.99,3.99,1,0,0,,0,0,3.99,3.99,3.99,3.99,0,0,0,0,0,0,0,0,0,0,0,0,0,0,0,[],0,0,0,0,0,0,0,0,,,,,,,,,,,,,,,,,,,,,,,,,,,,,,,,,,,,,,,,,,,,,,,,,,,,,,,,,,,,,,,,,,,,,,,,,,,,,,,,,,,,,,,,,,,,,,,,,,,,,,,,,,,,,,,,,,,,,,,,,,,,,,,,,,,,,,,,,,,,,,,,,,,,,,,,,,,,,,,,,,,,,,,,,,,,,,,,,,,,,,,,,,,,,,,,,,,,,,,,,,,,,,,,,,,,,,,,,,,,,,,,,,,,,,,,,,,,,,,,,,,,,,,,,,,,,,,,,,,,,,,,,,,,,,,,,,,,,,,,,,,,,,,,,,,,,,,,,,,,,,,,,,,,,,,,,,,,,,,,,,,,,,,,,,,,,,,,,,,,,,,,
,,,,,,,,,,,,,,,,,,,,,,,,,,,,,,,,,,,,,,,,,,,,,,,,,,,,,,,,,,,,,,,,,,,,,,,,,,,,,,,,,,,,,,,,,,,,,,,,,,,,,,,,,,,,,,,,,,,,,,,,,,,,,,,,,,,,,,,,,,53,27,52,49890,1,2018-03-27 19:30:33,2018-09-12 18:43:45,,simple,"{""info_buyRequest"":{""uenc"":""aHR0cHM6Ly93d3cua2lkY2l0eXN0b3Jlcy5jb20vc2hvZXMtYW5kLWFjY2Vzc29yaWVzL2xheWV0dGUvcGV0aXRlLWNyZWF0aW9ucy1sYXlldHRlLXRveS1lbGVwaGFudC10ZWV0aGVyLWdyZWVuLmh0bWw,"",""product"":""69141"",""selected_configurable_option"":"""",""related_product"":"""",""super_attribute"":{""135"":""111""},""qty"":""1""}}",1,0,1000162675-Green-One Size,Petite Creations Layette Toy Elephant Teether-Green-One Size,,,,0,0,0,0,1,1,0,0,1.5,0,0,0,0,0,0,0,0,0,0,0,0,0,0,0,0,0,0,0,0,0,0,0,,0,0,0,0,0,0,0,0,0,0,0,0,0,0,0,0,0,0,0,0,0,,0,0,0,0,0,0,0,0,,,,,,,,,,,,,,,,,,,,,,,,,,,,,,,,,,,,,,,,,,,,,,,,,,,,,,,,,,,,,,,,,,,,,,,,,,,,,,,,,,,,,,,,,,,,,,,,,,,,,,,,,,,,,,,,,,,,,,,,,,,,,,,,,,,,,,,,,,,,,,,,,,,,,,,,,,,,,,,,,,,,,,,,,,,,,,,,,,,,,,,,,,,,,,,,,,,,,,,,,,,,,,,,,,,,,,,,,,,,,,,,,,,,,,,,,,,,,,,,,,,,,,,,,,,,,,,,,,,,,,,,,,,,,,,,,,,,,,,,,,,,,,,,,,,,,,,,,,,,,,,,,,,,,,,,,,,,,,,,,,,,,,,,,,,,,,,,,,,,,,,,
28,1444444444,new,pending,,5fe5188146c1654d5a7f43ee80ff2906,Flat Rate - Fixed,0,1,24,0,0,0,0,105,5,0,0,0,0,0,100,0,0,0,0,0,0,0,1,1,0,0,0,0,0,0,0,0,0,0,0,0,105,5,0,0,0,0,0,0,0,100,0,0,0,0,0,0,0,0,0,0,0,0,1,0,0,0,0,1,12,1,0,0,1,0,0,0,1,11,0,0,0,0,0,100,105,0,0,100,105,0,0000-00-00 00:00:00,,USD,test@test.com,test,test,,,,,,,,USD,,,USD,,,,,,93.171.160.40,flatrate_flatrate,USD,,,2018-08-24 9:58:38,2018-09-12 18:47:23,1,0,0,0,0,0,0,0,0,0,5,5,,0,0,Pending,54,28,,1,1,2018-08-24 9:58:38,2018-09-12 18:47:23,1384,simple,"{""info_buyRequest"":{""uenc"":""aHR0cDovL3Rlc3RpbmctbWFzdGVyLmRldi5maXJlYmVhcnN0dWRpby5jb20vZ2Vhci5odG1s"",""product"":""221"",""qty"":1}}",0,0,Test activity,Test activity,,,,0,0,0,0,0,1,0,0,0,100,100,100,100,0,0,0,0,0,0,0,0,0,0,0,0,100,100,0,0,0,0,0,,0,0,100,100,100,100,0,0,0,0,0,0,0,0,0,0,0,0,0,0,0,,0,0,0,0,0,0,0,0,11,28,34,2,1,0,,Alabama,95000,test,new,new,test@test.com,124141,US,test,shipping,,,,,,0,,,0,6,28,0,0,0,0,0,0,0,0,5,5,0,0,105,0,0,0,105,0,0,,,,,checkmo,,,,,,,,,,,,,,,,,,,,,,,,,,,,"{""method_title"":""Check \/ Money order""}",,,,,,,,,,,,,,,,,,,,,,,,,,,,,,,,,,,,,,,,,,,,,,,,,,,,,,,,,,,,,,,,,,,,,,,,,,,,,,,,,,,,,,,,,,,,,,,,,,,,,,,,,,,,,,,,,,,,,,,,,,,,,,,,,,,,,,,,,,,,,,,,,,,,,,,,,,,,,,,,,,,,,,,,,,,,,,,,,,,,,,,,,,,,,,,,,,,,,,,,,,,,,,,,,,,,,,,,,,,,,,,,,,,,,,,,,,,,,,,,,,,,,,,,,,,,,,,,,,,,,,,,
,,,,,,,,,,,,,,,,,,,,,,,,,,,,,,,,,,,,,,,,,,,,,,,,,,,,,,,,,,,,,,,,,,,,,,,,,,,,,,,,,,,,,,,,,,,,,,,,,,,,,,,,,,,,,,,,,,,,,,,,,,,,,,,,,,,,,,,,,,,,,,,,,,,,,,,,,,,,,,,,,,,,,,,,,,,,,,,,,,,,,,,,,,,,,,,,,,,,,,,,,,,,,,,,,,,,,,,,,,12,28,0,3,1,0,,Alabama,95000,test,new,new,test@test.com,124141,US,test,billing,,,,,,0,,,0,,,,,,,,,,,,,,,,,,,,,,,,,,,,,,,,,,,,,,,,,,,,,,,,,,,,,,,,,,,,,,,,,,,,,,,,,,,,,,,,,,,,,,,,,,,,,,,,,,,,,,,,,,,,,,,,,,,,,,,,,,,,,,,,,,,,,,,,,,,,,,,,,,,,,,,,,,,,,,,,,,,,,,,,,,,,,,,,,,,,,,,,,,,,,,,,,,,,,,,,,,,,,,,,,,,,,,,,,,,,,,,,,,,,,,,,,,,,,,,,,,,,,,,,,,,,,,,,,,,,,,,,,,,,,,,,,,,,,,,,,,,,,,,,,,,,,,,,,,,,,,,,,,,,,,,,,,,,,,